Data_Type,Dataset,Imbalance,Pos_Ratio,Algorithm,Method,F1,Accuracy
Linear,Linear,50-50,0.5,PA,Linear,0.7124070897655803,0.7485
Linear,Linear,50-50,0.5,PA,Kernel,0.9550731953558809,0.9555
Linear,Linear,50-50,0.5,Perceptron,Linear,0.8786610878661087,0.8695
Linear,Linear,50-50,0.5,Perceptron,Kernel,0.9382219989954796,0.9385
Linear,Linear,50-50,0.5,AROW,Linear,0.935251798561151,0.9325
Linear,Linear,50-50,0.5,AROW,Kernel,0.8986384266263238,0.8995
Linear,Linear,50-50,0.5,OGC,Linear,0.9322033898305084,0.932
Linear,Linear,50-50,0.5,OGC,Kernel,0.9407630522088354,0.941
Linear,Linear,50-50,0.5,SCW,Linear,0.6666666666666666,0.5
Linear,Linear,50-50,0.5,SCW,Kernel,0.839724680432645,0.837
Linear,Linear,50-50,0.5,RDA,Linear,0.6666666666666666,0.5
Linear,Linear,50-50,0.5,RDA,Kernel,0.6666666666666666,0.5
Linear,Linear,50-50,0.5,AdaRDA,Linear,0.6666666666666666,0.5
Linear,Linear,50-50,0.5,AdaRDA,Kernel,0.6666666666666666,0.5
Linear,Linear,70-30,0.7,PA,Linear,0.7963875205254516,0.752
Linear,Linear,70-30,0.7,PA,Kernel,0.9723717258701112,0.9615
Linear,Linear,70-30,0.7,Perceptron,Linear,0.9298429319371728,0.8995
Linear,Linear,70-30,0.7,Perceptron,Kernel,0.9728183118741058,0.962
Linear,Linear,70-30,0.7,AROW,Linear,0.9623846699787083,0.947
Linear,Linear,70-30,0.7,AROW,Kernel,0.9309721720274665,0.9045
Linear,Linear,70-30,0.7,OGC,Linear,0.956989247311828,0.94
Linear,Linear,70-30,0.7,OGC,Kernel,0.9667262969588551,0.9535
Linear,Linear,70-30,0.7,SCW,Linear,0.8235294117647058,0.7
Linear,Linear,70-30,0.7,SCW,Kernel,0.9082969432314411,0.874
Linear,Linear,70-30,0.7,RDA,Linear,0.8235294117647058,0.7
Linear,Linear,70-30,0.7,RDA,Kernel,0.8235294117647058,0.7
Linear,Linear,70-30,0.7,AdaRDA,Linear,0.8235294117647058,0.7
Linear,Linear,70-30,0.7,AdaRDA,Kernel,0.8235294117647058,0.7
Linear,Linear,90-10,0.9,PA,Linear,0.9293337179117392,0.8775
Linear,Linear,90-10,0.9,PA,Kernel,0.9783212896053363,0.961
Linear,Linear,90-10,0.9,Perceptron,Linear,0.9666946543520851,0.9405
Linear,Linear,90-10,0.9,Perceptron,Kernel,0.9709821428571429,0.948
Linear,Linear,90-10,0.9,AROW,Linear,0.9801287433529247,0.9645
Linear,Linear,90-10,0.9,AROW,Kernel,0.9749443207126949,0.955
Linear,Linear,90-10,0.9,OGC,Linear,0.9785455558651435,0.9615
Linear,Linear,90-10,0.9,OGC,Kernel,0.9760312151616499,0.957
Linear,Linear,90-10,0.9,SCW,Linear,0.9473684210526315,0.9
Linear,Linear,90-10,0.9,SCW,Kernel,0.9760712298274903,0.957
Linear,Linear,90-10,0.9,RDA,Linear,0.9488683989941324,0.9085
Linear,Linear,90-10,0.9,RDA,Kernel,0.9473684210526315,0.9
Linear,Linear,90-10,0.9,AdaRDA,Linear,0.9480949751518498,0.906
Linear,Linear,90-10,0.9,AdaRDA,Kernel,0.9473684210526315,0.9
Non-Linear,OverlapGauss,50-50,0.5,PA,Linear,0.39271255060728744,0.4
Non-Linear,OverlapGauss,50-50,0.5,PA,Kernel,0.9443882709807887,0.945
Non-Linear,OverlapGauss,50-50,0.5,Perceptron,Linear,0.8764822134387352,0.875
Non-Linear,OverlapGauss,50-50,0.5,Perceptron,Kernel,0.9362129583124058,0.9365
Non-Linear,OverlapGauss,50-50,0.5,AROW,Linear,0.9043133366385722,0.9035
Non-Linear,OverlapGauss,50-50,0.5,AROW,Kernel,0.9570170895908856,0.9585
Non-Linear,OverlapGauss,50-50,0.5,OGC,Linear,0.8509378084896347,0.849
Non-Linear,OverlapGauss,50-50,0.5,OGC,Kernel,0.929718875502008,0.93
Non-Linear,OverlapGauss,50-50,0.5,SCW,Linear,0.6666666666666666,0.5
Non-Linear,OverlapGauss,50-50,0.5,SCW,Kernel,0.9367088607594937,0.935
Non-Linear,OverlapGauss,50-50,0.5,RDA,Linear,0.697942980873331,0.5815
Non-Linear,OverlapGauss,50-50,0.5,RDA,Kernel,0.6666666666666666,0.5
Non-Linear,OverlapGauss,50-50,0.5,AdaRDA,Linear,0.6964671953857245,0.579
Non-Linear,OverlapGauss,50-50,0.5,AdaRDA,Kernel,0.6666666666666666,0.5
Non-Linear,OverlapGauss,70-30,0.7,PA,Linear,0.47544545849630593,0.3965
Non-Linear,OverlapGauss,70-30,0.7,PA,Kernel,0.9559613319011815,0.9385
Non-Linear,OverlapGauss,70-30,0.7,Perceptron,Linear,0.9178779069767442,0.887
Non-Linear,OverlapGauss,70-30,0.7,Perceptron,Kernel,0.945597709377237,0.924
Non-Linear,OverlapGauss,70-30,0.7,AROW,Linear,0.9354136429608128,0.911
Non-Linear,OverlapGauss,70-30,0.7,AROW,Kernel,0.9626676332004349,0.9485
Non-Linear,OverlapGauss,70-30,0.7,OGC,Linear,0.918705035971223,0.887
Non-Linear,OverlapGauss,70-30,0.7,OGC,Kernel,0.9391553328561203,0.915
Non-Linear,OverlapGauss,70-30,0.7,SCW,Linear,0.8235294117647058,0.7
Non-Linear,OverlapGauss,70-30,0.7,SCW,Kernel,0.9081044421837912,0.8645
Non-Linear,OverlapGauss,70-30,0.7,RDA,Linear,0.8534621578099839,0.7725
Non-Linear,OverlapGauss,70-30,0.7,RDA,Kernel,0.8235294117647058,0.7
Non-Linear,OverlapGauss,70-30,0.7,AdaRDA,Linear,0.8488080301129235,0.759
Non-Linear,OverlapGauss,70-30,0.7,AdaRDA,Kernel,0.8235294117647058,0.7
Non-Linear,OverlapGauss,90-10,0.9,PA,Linear,0.8339133185700728,0.7375
Non-Linear,OverlapGauss,90-10,0.9,PA,Kernel,0.977863862755949,0.96
Non-Linear,OverlapGauss,90-10,0.9,Perceptron,Linear,0.9282576866764275,0.8775
Non-Linear,OverlapGauss,90-10,0.9,Perceptron,Kernel,0.9733036707452726,0.952
Non-Linear,OverlapGauss,90-10,0.9,AROW,Linear,0.9498559077809798,0.913
Non-Linear,OverlapGauss,90-10,0.9,AROW,Kernel,0.9686813186813187,0.943
Non-Linear,OverlapGauss,90-10,0.9,OGC,Linear,0.9532497149372862,0.918
Non-Linear,OverlapGauss,90-10,0.9,OGC,Kernel,0.9741594887468741,0.9535
Non-Linear,OverlapGauss,90-10,0.9,SCW,Linear,0.9473684210526315,0.9
Non-Linear,OverlapGauss,90-10,0.9,SCW,Kernel,0.9475455820476858,0.9065
Non-Linear,OverlapGauss,90-10,0.9,RDA,Linear,0.9194257251684734,0.8625
Non-Linear,OverlapGauss,90-10,0.9,RDA,Kernel,0.9473684210526315,0.9
Non-Linear,OverlapGauss,90-10,0.9,AdaRDA,Linear,0.9307045520440708,0.8805
Non-Linear,OverlapGauss,90-10,0.9,AdaRDA,Kernel,0.9473684210526315,0.9
Non-Linear,Donut,50-50,0.5,PA,Linear,0.4919517102615694,0.495
Non-Linear,Donut,50-50,0.5,PA,Kernel,0.7482376636455186,0.75
Non-Linear,Donut,50-50,0.5,Perceptron,Linear,0.501996007984032,0.501
Non-Linear,Donut,50-50,0.5,Perceptron,Kernel,0.7550200803212851,0.756
Non-Linear,Donut,50-50,0.5,AROW,Linear,0.5053974484789009,0.496
Non-Linear,Donut,50-50,0.5,AROW,Kernel,0.6889903602232369,0.6935
Non-Linear,Donut,50-50,0.5,OGC,Linear,0.5106805762543467,0.5075
Non-Linear,Donut,50-50,0.5,OGC,Kernel,0.7542627883650953,0.755
Non-Linear,Donut,50-50,0.5,SCW,Linear,0.6666666666666666,0.5
Non-Linear,Donut,50-50,0.5,SCW,Kernel,0.6576182136602452,0.609
Non-Linear,Donut,50-50,0.5,RDA,Linear,0.6666666666666666,0.5
Non-Linear,Donut,50-50,0.5,RDA,Kernel,0.6666666666666666,0.5
Non-Linear,Donut,50-50,0.5,AdaRDA,Linear,0.6666666666666666,0.5
Non-Linear,Donut,50-50,0.5,AdaRDA,Kernel,0.6666666666666666,0.5
Non-Linear,Donut,70-30,0.7,PA,Linear,0.6230045026606631,0.5395
Non-Linear,Donut,70-30,0.7,PA,Kernel,0.854688618468146,0.797
Non-Linear,Donut,70-30,0.7,Perceptron,Linear,0.6671905697445972,0.5765
Non-Linear,Donut,70-30,0.7,Perceptron,Kernel,0.8568360773085183,0.8
Non-Linear,Donut,70-30,0.7,AROW,Linear,0.5867454622203462,0.5105
Non-Linear,Donut,70-30,0.7,AROW,Kernel,0.7945945945945946,0.696
Non-Linear,Donut,70-30,0.7,OGC,Linear,0.7406042741341193,0.648
Non-Linear,Donut,70-30,0.7,OGC,Kernel,0.8586762075134168,0.8025
Non-Linear,Donut,70-30,0.7,SCW,Linear,0.8235294117647058,0.7
Non-Linear,Donut,70-30,0.7,SCW,Kernel,0.7734537873523281,0.674
Non-Linear,Donut,70-30,0.7,RDA,Linear,0.8235294117647058,0.7
Non-Linear,Donut,70-30,0.7,RDA,Kernel,0.8235294117647058,0.7
Non-Linear,Donut,70-30,0.7,AdaRDA,Linear,0.8235294117647058,0.7
Non-Linear,Donut,70-30,0.7,AdaRDA,Kernel,0.8235294117647058,0.7
Non-Linear,Donut,90-10,0.9,PA,Linear,0.6595820049592632,0.5195
Non-Linear,Donut,90-10,0.9,PA,Kernel,0.9542556140837261,0.9175
Non-Linear,Donut,90-10,0.9,Perceptron,Linear,0.7202159973000337,0.5855
Non-Linear,Donut,90-10,0.9,Perceptron,Kernel,0.9472515269294837,0.905
Non-Linear,Donut,90-10,0.9,AROW,Linear,0.6708507670850767,0.528
Non-Linear,Donut,90-10,0.9,AROW,Kernel,0.9310915104740904,0.875
Non-Linear,Donut,90-10,0.9,OGC,Linear,0.8344532681734881,0.729
Non-Linear,Donut,90-10,0.9,OGC,Kernel,0.9458784346378019,0.9025
Non-Linear,Donut,90-10,0.9,SCW,Linear,0.9473684210526315,0.9
Non-Linear,Donut,90-10,0.9,SCW,Kernel,0.8200913242009132,0.7045
Non-Linear,Donut,90-10,0.9,RDA,Linear,0.8541423570595099,0.75
Non-Linear,Donut,90-10,0.9,RDA,Kernel,0.9473684210526315,0.9
Non-Linear,Donut,90-10,0.9,AdaRDA,Linear,0.8542274052478134,0.75
Non-Linear,Donut,90-10,0.9,AdaRDA,Kernel,0.9473684210526315,0.9
Non-Linear,Circles,50-50,0.5,PA,Linear,0.505712866368604,0.5025
Non-Linear,Circles,50-50,0.5,PA,Kernel,0.7699248120300752,0.7705
Non-Linear,Circles,50-50,0.5,Perceptron,Linear,0.5034965034965035,0.503
Non-Linear,Circles,50-50,0.5,Perceptron,Kernel,0.7877571500250878,0.7885
Non-Linear,Circles,50-50,0.5,AROW,Linear,0.5178026449643948,0.526
Non-Linear,Circles,50-50,0.5,AROW,Kernel,0.762962962962963,0.776
Non-Linear,Circles,50-50,0.5,OGC,Linear,0.49876053544868615,0.4945
Non-Linear,Circles,50-50,0.5,OGC,Kernel,0.7737079779227296,0.7745
Non-Linear,Circles,50-50,0.5,SCW,Linear,0.6666666666666666,0.5
Non-Linear,Circles,50-50,0.5,SCW,Kernel,0.6724662896911701,0.6235
Non-Linear,Circles,50-50,0.5,RDA,Linear,0.6666666666666666,0.5
Non-Linear,Circles,50-50,0.5,RDA,Kernel,0.6666666666666666,0.5
Non-Linear,Circles,50-50,0.5,AdaRDA,Linear,0.6666666666666666,0.5
Non-Linear,Circles,50-50,0.5,AdaRDA,Kernel,0.6666666666666666,0.5
Non-Linear,Circles,70-30,0.7,PA,Linear,0.5973597359735974,0.512
Non-Linear,Circles,70-30,0.7,PA,Kernel,0.8614285714285714,0.806
Non-Linear,Circles,70-30,0.7,Perceptron,Linear,0.6736678335278102,0.5805
Non-Linear,Circles,70-30,0.7,Perceptron,Kernel,0.8600071607590405,0.8045
Non-Linear,Circles,70-30,0.7,AROW,Linear,0.5858585858585859,0.508
Non-Linear,Circles,70-30,0.7,AROW,Kernel,0.8235294117647058,0.745
Non-Linear,Circles,70-30,0.7,OGC,Linear,0.7432978332721263,0.6505
Non-Linear,Circles,70-30,0.7,OGC,Kernel,0.8654259126700071,0.812
Non-Linear,Circles,70-30,0.7,SCW,Linear,0.8235294117647058,0.7
Non-Linear,Circles,70-30,0.7,SCW,Kernel,0.7958260869565218,0.7065
Non-Linear,Circles,70-30,0.7,RDA,Linear,0.8235294117647058,0.7
Non-Linear,Circles,70-30,0.7,RDA,Kernel,0.8235294117647058,0.7
Non-Linear,Circles,70-30,0.7,AdaRDA,Linear,0.8237716975581053,0.7005
Non-Linear,Circles,70-30,0.7,AdaRDA,Kernel,0.8235294117647058,0.7
Non-Linear,Circles,90-10,0.9,PA,Linear,0.6555160142348755,0.516
Non-Linear,Circles,90-10,0.9,PA,Kernel,0.947339246119734,0.905
Non-Linear,Circles,90-10,0.9,Perceptron,Linear,0.7199730094466936,0.585
Non-Linear,Circles,90-10,0.9,Perceptron,Kernel,0.9455252918287937,0.902
Non-Linear,Circles,90-10,0.9,AROW,Linear,0.6595820049592632,0.5195
Non-Linear,Circles,90-10,0.9,AROW,Kernel,0.8702953097857556,0.776
Non-Linear,Circles,90-10,0.9,OGC,Linear,0.8341028008618037,0.7305
Non-Linear,Circles,90-10,0.9,OGC,Kernel,0.9458784346378019,0.9025
Non-Linear,Circles,90-10,0.9,SCW,Linear,0.9473684210526315,0.9
Non-Linear,Circles,90-10,0.9,SCW,Kernel,0.8257047590178842,0.7125
Non-Linear,Circles,90-10,0.9,RDA,Linear,0.8485203633167302,0.7415
Non-Linear,Circles,90-10,0.9,RDA,Kernel,0.9473684210526315,0.9
Non-Linear,Circles,90-10,0.9,AdaRDA,Linear,0.8498533724340176,0.744
Non-Linear,Circles,90-10,0.9,AdaRDA,Kernel,0.9473684210526315,0.9
Non-Linear,Quadratic,50-50,0.5,PA,Linear,0.5032386646736422,0.5015
Non-Linear,Quadratic,50-50,0.5,PA,Kernel,0.8440643863179075,0.845
Non-Linear,Quadratic,50-50,0.5,Perceptron,Linear,0.6363636363636364,0.604
Non-Linear,Quadratic,50-50,0.5,Perceptron,Kernel,0.8360902255639098,0.8365
Non-Linear,Quadratic,50-50,0.5,AROW,Linear,0.5099206349206349,0.506
Non-Linear,Quadratic,50-50,0.5,AROW,Kernel,0.7986870897155361,0.816
Non-Linear,Quadratic,50-50,0.5,OGC,Linear,0.6993127147766323,0.65
Non-Linear,Quadratic,50-50,0.5,OGC,Kernel,0.8390977443609022,0.8395
Non-Linear,Quadratic,50-50,0.5,SCW,Linear,0.6666666666666666,0.5
Non-Linear,Quadratic,50-50,0.5,SCW,Kernel,0.7123791992636908,0.6875
Non-Linear,Quadratic,50-50,0.5,RDA,Linear,0.6675576344804544,0.5025
Non-Linear,Quadratic,50-50,0.5,RDA,Kernel,0.6666666666666666,0.5
Non-Linear,Quadratic,50-50,0.5,AdaRDA,Linear,0.6675576344804544,0.5025
Non-Linear,Quadratic,50-50,0.5,AdaRDA,Kernel,0.6666666666666666,0.5
Non-Linear,Quadratic,70-30,0.7,PA,Linear,0.5944605208763952,0.5095
Non-Linear,Quadratic,70-30,0.7,PA,Kernel,0.8867383512544803,0.842
Non-Linear,Quadratic,70-30,0.7,Perceptron,Linear,0.7450393111194309,0.6595
Non-Linear,Quadratic,70-30,0.7,Perceptron,Kernel,0.8822055137844611,0.8355
Non-Linear,Quadratic,70-30,0.7,AROW,Linear,0.5985944605208764,0.5145
Non-Linear,Quadratic,70-30,0.7,AROW,Kernel,0.8115746971736204,0.72
Non-Linear,Quadratic,70-30,0.7,OGC,Linear,0.8299791811242193,0.755
Non-Linear,Quadratic,70-30,0.7,OGC,Kernel,0.8775948460987831,0.829
Non-Linear,Quadratic,70-30,0.7,SCW,Linear,0.8235294117647058,0.7
Non-Linear,Quadratic,70-30,0.7,SCW,Kernel,0.7703435804701627,0.6825
Non-Linear,Quadratic,70-30,0.7,RDA,Linear,0.812012012012012,0.687
Non-Linear,Quadratic,70-30,0.7,RDA,Kernel,0.8235294117647058,0.7
Non-Linear,Quadratic,70-30,0.7,AdaRDA,Linear,0.8128374325134973,0.688
Non-Linear,Quadratic,70-30,0.7,AdaRDA,Kernel,0.8235294117647058,0.7
Non-Linear,Quadratic,90-10,0.9,PA,Linear,0.6489738145789101,0.504
Non-Linear,Quadratic,90-10,0.9,PA,Kernel,0.9548851370052588,0.9185
Non-Linear,Quadratic,90-10,0.9,Perceptron,Linear,0.7697772037455602,0.6435
Non-Linear,Quadratic,90-10,0.9,Perceptron,Kernel,0.9491242702251876,0.9085
Non-Linear,Quadratic,90-10,0.9,AROW,Linear,0.7022222222222222,0.5645
Non-Linear,Quadratic,90-10,0.9,AROW,Kernel,0.933074146070536,0.8795
Non-Linear,Quadratic,90-10,0.9,OGC,Linear,0.9177885992552277,0.8565
Non-Linear,Quadratic,90-10,0.9,OGC,Kernel,0.949944382647386,0.91
Non-Linear,Quadratic,90-10,0.9,SCW,Linear,0.9473684210526315,0.9
Non-Linear,Quadratic,90-10,0.9,SCW,Kernel,0.9253146853146853,0.8665
Non-Linear,Quadratic,90-10,0.9,RDA,Linear,0.8648648648648649,0.7675
Non-Linear,Quadratic,90-10,0.9,RDA,Kernel,0.9473684210526315,0.9
Non-Linear,Quadratic,90-10,0.9,AdaRDA,Linear,0.8680555555555556,0.772
Non-Linear,Quadratic,90-10,0.9,AdaRDA,Kernel,0.9473684210526315,0.9
Non-Linear,HighCurve,50-50,0.5,PA,Linear,0.943640897755611,0.9435
Non-Linear,HighCurve,50-50,0.5,PA,Kernel,0.96527428283845,0.9655
Non-Linear,HighCurve,50-50,0.5,Perceptron,Linear,0.9370629370629371,0.937
Non-Linear,HighCurve,50-50,0.5,Perceptron,Kernel,0.9564782391195598,0.9565
Non-Linear,HighCurve,50-50,0.5,AROW,Linear,0.9750499001996008,0.975
Non-Linear,HighCurve,50-50,0.5,AROW,Kernel,0.9553014553014553,0.957
Non-Linear,HighCurve,50-50,0.5,OGC,Linear,0.9626679940268791,0.9625
Non-Linear,HighCurve,50-50,0.5,OGC,Kernel,0.955,0.955
Non-Linear,HighCurve,50-50,0.5,SCW,Linear,0.6666666666666666,0.5
Non-Linear,HighCurve,50-50,0.5,SCW,Kernel,0.823966558290757,0.8105
Non-Linear,HighCurve,50-50,0.5,RDA,Linear,0.7152317880794702,0.613
Non-Linear,HighCurve,50-50,0.5,RDA,Kernel,0.6666666666666666,0.5
Non-Linear,HighCurve,50-50,0.5,AdaRDA,Linear,0.7179109966899595,0.6165
Non-Linear,HighCurve,50-50,0.5,AdaRDA,Kernel,0.6666666666666666,0.5
Non-Linear,HighCurve,70-30,0.7,PA,Linear,0.9356254572055597,0.912
Non-Linear,HighCurve,70-30,0.7,PA,Kernel,0.9752953813104189,0.9655
Non-Linear,HighCurve,70-30,0.7,Perceptron,Linear,0.9654178674351584,0.952
Non-Linear,HighCurve,70-30,0.7,Perceptron,Kernel,0.9717554522702896,0.9605
Non-Linear,HighCurve,70-30,0.7,AROW,Linear,0.9842744817726948,0.978
Non-Linear,HighCurve,70-30,0.7,AROW,Kernel,0.9758558558558559,0.9665
Non-Linear,HighCurve,70-30,0.7,OGC,Linear,0.9789360942520529,0.9705
Non-Linear,HighCurve,70-30,0.7,OGC,Kernel,0.9753483386923901,0.9655
Non-Linear,HighCurve,70-30,0.7,SCW,Linear,0.8235294117647058,0.7
Non-Linear,HighCurve,70-30,0.7,SCW,Kernel,0.8796392646548734,0.8265
Non-Linear,HighCurve,70-30,0.7,RDA,Linear,0.8525239194985154,0.7765
Non-Linear,HighCurve,70-30,0.7,RDA,Kernel,0.8235294117647058,0.7
Non-Linear,HighCurve,70-30,0.7,AdaRDA,Linear,0.8585147247119078,0.779
Non-Linear,HighCurve,70-30,0.7,AdaRDA,Kernel,0.8235294117647058,0.7
Non-Linear,HighCurve,90-10,0.9,PA,Linear,0.9868088689306764,0.9765
Non-Linear,HighCurve,90-10,0.9,PA,Kernel,0.9933444259567388,0.988
Non-Linear,HighCurve,90-10,0.9,Perceptron,Linear,0.9730343457280727,0.9525
Non-Linear,HighCurve,90-10,0.9,Perceptron,Kernel,0.9919466814773674,0.9855
Non-Linear,HighCurve,90-10,0.9,AROW,Linear,0.9904868494683827,0.983
Non-Linear,HighCurve,90-10,0.9,AROW,Kernel,0.987825124515772,0.978
Non-Linear,HighCurve,90-10,0.9,OGC,Linear,0.9902207320480582,0.9825
Non-Linear,HighCurve,90-10,0.9,OGC,Kernel,0.9905607995558023,0.983
Non-Linear,HighCurve,90-10,0.9,SCW,Linear,0.9473684210526315,0.9
Non-Linear,HighCurve,90-10,0.9,SCW,Kernel,0.9889380530973452,0.98
Non-Linear,HighCurve,90-10,0.9,RDA,Linear,0.932868352223191,0.8845
Non-Linear,HighCurve,90-10,0.9,RDA,Kernel,0.9473684210526315,0.9
Non-Linear,HighCurve,90-10,0.9,AdaRDA,Linear,0.9432541980312681,0.902
Non-Linear,HighCurve,90-10,0.9,AdaRDA,Kernel,0.9473684210526315,0.9
Non-Linear,Moons,50-50,0.5,PA,Linear,0.5204597701149425,0.4785
Non-Linear,Moons,50-50,0.5,PA,Kernel,0.9263370332996973,0.927
Non-Linear,Moons,50-50,0.5,Perceptron,Linear,0.8482102401449932,0.8325
Non-Linear,Moons,50-50,0.5,Perceptron,Kernel,0.913913913913914,0.914
Non-Linear,Moons,50-50,0.5,AROW,Linear,0.8968735417638825,0.8895
Non-Linear,Moons,50-50,0.5,AROW,Kernel,0.9473135106937924,0.9495
Non-Linear,Moons,50-50,0.5,OGC,Linear,0.7650273224043715,0.7635
Non-Linear,Moons,50-50,0.5,OGC,Kernel,0.9184592296148074,0.9185
Non-Linear,Moons,50-50,0.5,SCW,Linear,0.6666666666666666,0.5
Non-Linear,Moons,50-50,0.5,SCW,Kernel,0.852233676975945,0.8495
Non-Linear,Moons,50-50,0.5,RDA,Linear,0.6989813839128908,0.5715
Non-Linear,Moons,50-50,0.5,RDA,Kernel,0.6666666666666666,0.5
Non-Linear,Moons,50-50,0.5,AdaRDA,Linear,0.6987022097509645,0.5705
Non-Linear,Moons,50-50,0.5,AdaRDA,Kernel,0.6666666666666666,0.5
Non-Linear,Moons,70-30,0.7,PA,Linear,0.6552901023890785,0.5455
Non-Linear,Moons,70-30,0.7,PA,Kernel,0.9484240687679083,0.928
Non-Linear,Moons,70-30,0.7,Perceptron,Linear,0.9153005464480874,0.876
Non-Linear,Moons,70-30,0.7,Perceptron,Kernel,0.9392857142857143,0.915
Non-Linear,Moons,70-30,0.7,AROW,Linear,0.9467414155571128,0.924
Non-Linear,Moons,70-30,0.7,AROW,Kernel,0.9393501805054152,0.916
Non-Linear,Moons,70-30,0.7,OGC,Linear,0.8969219756621332,0.856
Non-Linear,Moons,70-30,0.7,OGC,Kernel,0.9428571428571428,0.92
Non-Linear,Moons,70-30,0.7,SCW,Linear,0.8235294117647058,0.7
Non-Linear,Moons,70-30,0.7,SCW,Kernel,0.9292158223455933,0.898
Non-Linear,Moons,70-30,0.7,RDA,Linear,0.8441754916792739,0.7425
Non-Linear,Moons,70-30,0.7,RDA,Kernel,0.8235294117647058,0.7
Non-Linear,Moons,70-30,0.7,AdaRDA,Linear,0.8428053204353083,0.74
Non-Linear,Moons,70-30,0.7,AdaRDA,Kernel,0.8235294117647058,0.7
Non-Linear,Moons,90-10,0.9,PA,Linear,0.8491864831038799,0.759
Non-Linear,Moons,90-10,0.9,PA,Kernel,0.9763823284245624,0.9575
Non-Linear,Moons,90-10,0.9,Perceptron,Linear,0.9491430177016016,0.9095
Non-Linear,Moons,90-10,0.9,Perceptron,Kernel,0.97304806890803,0.9515
Non-Linear,Moons,90-10,0.9,AROW,Linear,0.9652509652509652,0.937
Non-Linear,Moons,90-10,0.9,AROW,Kernel,0.9756764143208527,0.9555
Non-Linear,Moons,90-10,0.9,OGC,Linear,0.9535534415221041,0.917
Non-Linear,Moons,90-10,0.9,OGC,Kernel,0.9752709085857183,0.9555
Non-Linear,Moons,90-10,0.9,SCW,Linear,0.9473684210526315,0.9
Non-Linear,Moons,90-10,0.9,SCW,Kernel,0.9699144355506486,0.9455
Non-Linear,Moons,90-10,0.9,RDA,Linear,0.9576294655220161,0.9235
Non-Linear,Moons,90-10,0.9,RDA,Kernel,0.9473684210526315,0.9
Non-Linear,Moons,90-10,0.9,AdaRDA,Linear,0.9606169099421646,0.9285
Non-Linear,Moons,90-10,0.9,AdaRDA,Kernel,0.9473684210526315,0.9
Non-Linear,SineWave,50-50,0.5,PA,Linear,0.8373943311785181,0.8365
Non-Linear,SineWave,50-50,0.5,PA,Kernel,0.9236180904522613,0.924
Non-Linear,SineWave,50-50,0.5,Perceptron,Linear,0.7904616945712836,0.7935
Non-Linear,SineWave,50-50,0.5,Perceptron,Kernel,0.9233850776164246,0.9235
Non-Linear,SineWave,50-50,0.5,AROW,Linear,0.8552829243865798,0.8555
Non-Linear,SineWave,50-50,0.5,AROW,Kernel,0.9322033898305084,0.936
Non-Linear,SineWave,50-50,0.5,OGC,Linear,0.8267875125881168,0.828
Non-Linear,SineWave,50-50,0.5,OGC,Kernel,0.9234617308654327,0.9235
Non-Linear,SineWave,50-50,0.5,SCW,Linear,0.6666666666666666,0.5
Non-Linear,SineWave,50-50,0.5,SCW,Kernel,0.7928341754708315,0.7745
Non-Linear,SineWave,50-50,0.5,RDA,Linear,0.6906686260102866,0.579
Non-Linear,SineWave,50-50,0.5,RDA,Kernel,0.6666666666666666,0.5
Non-Linear,SineWave,50-50,0.5,AdaRDA,Linear,0.6995614035087719,0.589
Non-Linear,SineWave,50-50,0.5,AdaRDA,Kernel,0.6666666666666666,0.5
Non-Linear,SineWave,70-30,0.7,PA,Linear,0.7730441518202944,0.707
Non-Linear,SineWave,70-30,0.7,PA,Kernel,0.9506084466714388,0.931
Non-Linear,SineWave,70-30,0.7,Perceptron,Linear,0.8764792899408284,0.833
Non-Linear,SineWave,70-30,0.7,Perceptron,Kernel,0.940293171254916,0.9165
Non-Linear,SineWave,70-30,0.7,AROW,Linear,0.8839119074281448,0.8445
Non-Linear,SineWave,70-30,0.7,AROW,Kernel,0.9460247994164843,0.926
Non-Linear,SineWave,70-30,0.7,OGC,Linear,0.9069264069264069,0.871
Non-Linear,SineWave,70-30,0.7,OGC,Kernel,0.9385275196568977,0.914
Non-Linear,SineWave,70-30,0.7,SCW,Linear,0.8235294117647058,0.7
Non-Linear,SineWave,70-30,0.7,SCW,Kernel,0.8620209059233449,0.802
Non-Linear,SineWave,70-30,0.7,RDA,Linear,0.8264984227129337,0.725
Non-Linear,SineWave,70-30,0.7,RDA,Kernel,0.8235294117647058,0.7
Non-Linear,SineWave,70-30,0.7,AdaRDA,Linear,0.8352059925093633,0.736
Non-Linear,SineWave,70-30,0.7,AdaRDA,Kernel,0.8235294117647058,0.7
Non-Linear,SineWave,90-10,0.9,PA,Linear,0.7355623100303952,0.6085
Non-Linear,SineWave,90-10,0.9,PA,Kernel,0.9792070973107846,0.9625
Non-Linear,SineWave,90-10,0.9,Perceptron,Linear,0.892760588765395,0.8215
Non-Linear,SineWave,90-10,0.9,Perceptron,Kernel,0.9755826859045506,0.956
Non-Linear,SineWave,90-10,0.9,AROW,Linear,0.914572864321608,0.8555
Non-Linear,SineWave,90-10,0.9,AROW,Kernel,0.9731970157502072,0.9515
Non-Linear,SineWave,90-10,0.9,OGC,Linear,0.943884892086331,0.9025
Non-Linear,SineWave,90-10,0.9,OGC,Kernel,0.9791840133222315,0.9625
Non-Linear,SineWave,90-10,0.9,SCW,Linear,0.9473684210526315,0.9
Non-Linear,SineWave,90-10,0.9,SCW,Kernel,0.9655742219774167,0.9375
Non-Linear,SineWave,90-10,0.9,RDA,Linear,0.8670520231213873,0.7815
Non-Linear,SineWave,90-10,0.9,RDA,Kernel,0.9473684210526315,0.9
Non-Linear,SineWave,90-10,0.9,AdaRDA,Linear,0.8786510087323095,0.7985
Non-Linear,SineWave,90-10,0.9,AdaRDA,Kernel,0.9473684210526315,0.9
Non-Linear,Spirals,50-50,0.5,PA,Linear,0.5157107231920199,0.5145
Non-Linear,Spirals,50-50,0.5,PA,Kernel,0.7515090543259557,0.753
Non-Linear,Spirals,50-50,0.5,Perceptron,Linear,0.4992343032159265,0.5095
Non-Linear,Spirals,50-50,0.5,Perceptron,Kernel,0.7761044176706827,0.777
Non-Linear,Spirals,50-50,0.5,AROW,Linear,0.5235235235235235,0.524
Non-Linear,Spirals,50-50,0.5,AROW,Kernel,0.8155452436194895,0.841
Non-Linear,Spirals,50-50,0.5,OGC,Linear,0.4917043740573152,0.4945
Non-Linear,Spirals,50-50,0.5,OGC,Kernel,0.7737079779227296,0.7745
Non-Linear,Spirals,50-50,0.5,SCW,Linear,0.6666666666666666,0.5
Non-Linear,Spirals,50-50,0.5,SCW,Kernel,0.6115191341321995,0.4975
Non-Linear,Spirals,50-50,0.5,RDA,Linear,0.6600884654644437,0.5005
Non-Linear,Spirals,50-50,0.5,RDA,Kernel,0.6666666666666666,0.5
Non-Linear,Spirals,50-50,0.5,AdaRDA,Linear,0.6600884654644437,0.5005
Non-Linear,Spirals,50-50,0.5,AdaRDA,Kernel,0.6666666666666666,0.5
Non-Linear,Spirals,70-30,0.7,PA,Linear,0.600580671920365,0.5185
Non-Linear,Spirals,70-30,0.7,PA,Kernel,0.849266022198353,0.7895
Non-Linear,Spirals,70-30,0.7,Perceptron,Linear,0.6595995288574794,0.5665
Non-Linear,Spirals,70-30,0.7,Perceptron,Kernel,0.8639942734430923,0.81
Non-Linear,Spirals,70-30,0.7,AROW,Linear,0.6109510086455331,0.5275
Non-Linear,Spirals,70-30,0.7,AROW,Kernel,0.8210596467844052,0.7315
Non-Linear,Spirals,70-30,0.7,OGC,Linear,0.7521929824561403,0.661
Non-Linear,Spirals,70-30,0.7,OGC,Kernel,0.8503937007874016,0.791
Non-Linear,Spirals,70-30,0.7,SCW,Linear,0.8235294117647058,0.7
Non-Linear,Spirals,70-30,0.7,SCW,Kernel,0.789776357827476,0.671
Non-Linear,Spirals,70-30,0.7,RDA,Linear,0.8085490668272125,0.682
Non-Linear,Spirals,70-30,0.7,RDA,Kernel,0.8235294117647058,0.7
Non-Linear,Spirals,70-30,0.7,AdaRDA,Linear,0.8080747213015969,0.6815
Non-Linear,Spirals,70-30,0.7,AdaRDA,Kernel,0.8235294117647058,0.7
Non-Linear,Spirals,90-10,0.9,PA,Linear,0.6182737450343084,0.4715
Non-Linear,Spirals,90-10,0.9,PA,Kernel,0.9384359400998337,0.889
Non-Linear,Spirals,90-10,0.9,Perceptron,Linear,0.7012006861063464,0.5645
Non-Linear,Spirals,90-10,0.9,Perceptron,Kernel,0.9349276974416018,0.883
Non-Linear,Spirals,90-10,0.9,AROW,Linear,0.6762438682550805,0.538
Non-Linear,Spirals,90-10,0.9,AROW,Kernel,0.9457037427517132,0.897
Non-Linear,Spirals,90-10,0.9,OGC,Linear,0.8399511301160659,0.738
Non-Linear,Spirals,90-10,0.9,OGC,Kernel,0.9396719488462608,0.8915
Non-Linear,Spirals,90-10,0.9,SCW,Linear,0.9473684210526315,0.9
Non-Linear,Spirals,90-10,0.9,SCW,Kernel,0.850999394306481,0.754
Non-Linear,Spirals,90-10,0.9,RDA,Linear,0.8504398826979472,0.745
Non-Linear,Spirals,90-10,0.9,RDA,Kernel,0.9473684210526315,0.9
Non-Linear,Spirals,90-10,0.9,AdaRDA,Linear,0.8570595099183197,0.755
Non-Linear,Spirals,90-10,0.9,AdaRDA,Kernel,0.9473684210526315,0.9
Non-Linear,SwissRoll,50-50,0.5,PA,Linear,0.8776418242491657,0.89
Non-Linear,SwissRoll,50-50,0.5,PA,Kernel,0.9869608826479438,0.987
Non-Linear,SwissRoll,50-50,0.5,Perceptron,Linear,0.8179907524169819,0.7835
Non-Linear,SwissRoll,50-50,0.5,Perceptron,Kernel,0.980980980980981,0.981
Non-Linear,SwissRoll,50-50,0.5,AROW,Linear,0.9722772277227723,0.972
Non-Linear,SwissRoll,50-50,0.5,AROW,Kernel,0.9844767150726089,0.9845
Non-Linear,SwissRoll,50-50,0.5,OGC,Linear,0.9528585757271816,0.953
Non-Linear,SwissRoll,50-50,0.5,OGC,Kernel,0.980980980980981,0.981
Non-Linear,SwissRoll,50-50,0.5,SCW,Linear,0.6666666666666666,0.5
Non-Linear,SwissRoll,50-50,0.5,SCW,Kernel,0.9845540607872446,0.9845
Non-Linear,SwissRoll,50-50,0.5,RDA,Linear,0.7785288270377734,0.7215
Non-Linear,SwissRoll,50-50,0.5,RDA,Kernel,0.6666666666666666,0.5
Non-Linear,SwissRoll,50-50,0.5,AdaRDA,Linear,0.7482068705171763,0.6665
Non-Linear,SwissRoll,50-50,0.5,AdaRDA,Kernel,0.6666666666666666,0.5
Non-Linear,SwissRoll,70-30,0.7,PA,Linear,0.9093725793958172,0.883
Non-Linear,SwissRoll,70-30,0.7,PA,Kernel,0.994269340974212,0.992
Non-Linear,SwissRoll,70-30,0.7,Perceptron,Linear,0.9103448275862069,0.8635
Non-Linear,SwissRoll,70-30,0.7,Perceptron,Kernel,0.9892627057981389,0.985
Non-Linear,SwissRoll,70-30,0.7,AROW,Linear,0.9848812095032398,0.979
Non-Linear,SwissRoll,70-30,0.7,AROW,Kernel,0.9921540656205421,0.989
Non-Linear,SwissRoll,70-30,0.7,OGC,Linear,0.975330711476582,0.9655
Non-Linear,SwissRoll,70-30,0.7,OGC,Kernel,0.9885550786838341,0.984
Non-Linear,SwissRoll,70-30,0.7,SCW,Linear,0.8235294117647058,0.7
Non-Linear,SwissRoll,70-30,0.7,SCW,Kernel,0.9874955341193283,0.9825
Non-Linear,SwissRoll,70-30,0.7,RDA,Linear,0.8316890881913304,0.7185
Non-Linear,SwissRoll,70-30,0.7,RDA,Kernel,0.8235294117647058,0.7
Non-Linear,SwissRoll,70-30,0.7,AdaRDA,Linear,0.8504129703273172,0.7555
Non-Linear,SwissRoll,70-30,0.7,AdaRDA,Kernel,0.8235294117647058,0.7
Non-Linear,SwissRoll,90-10,0.9,PA,Linear,0.9519720955191844,0.9105
Non-Linear,SwissRoll,90-10,0.9,PA,Kernel,0.9930497636919655,0.9875
Non-Linear,SwissRoll,90-10,0.9,Perceptron,Linear,0.9593976875504168,0.9245
Non-Linear,SwissRoll,90-10,0.9,Perceptron,Kernel,0.9866592551417455,0.976
Non-Linear,SwissRoll,90-10,0.9,AROW,Linear,0.9856540084388186,0.9745
Non-Linear,SwissRoll,90-10,0.9,AROW,Kernel,0.9922222222222222,0.986
Non-Linear,SwissRoll,90-10,0.9,OGC,Linear,0.9855233853006682,0.974
Non-Linear,SwissRoll,90-10,0.9,OGC,Kernel,0.9875034712579839,0.9775
Non-Linear,SwissRoll,90-10,0.9,SCW,Linear,0.9473684210526315,0.9
Non-Linear,SwissRoll,90-10,0.9,SCW,Kernel,0.9838709677419355,0.971
Non-Linear,SwissRoll,90-10,0.9,RDA,Linear,0.9518201284796574,0.91
Non-Linear,SwissRoll,90-10,0.9,RDA,Kernel,0.9473684210526315,0.9
Non-Linear,SwissRoll,90-10,0.9,AdaRDA,Linear,0.9689034369885434,0.943
Non-Linear,SwissRoll,90-10,0.9,AdaRDA,Kernel,0.9473684210526315,0.9
Non-Linear,XOR,50-50,0.5,PA,Linear,0.49950248756218907,0.497
Non-Linear,XOR,50-50,0.5,PA,Kernel,0.9287863590772317,0.929
Non-Linear,XOR,50-50,0.5,Perceptron,Linear,0.5223505775991963,0.5245
Non-Linear,XOR,50-50,0.5,Perceptron,Kernel,0.9569138276553106,0.957
Non-Linear,XOR,50-50,0.5,AROW,Linear,0.47663071391884954,0.4905
Non-Linear,XOR,50-50,0.5,AROW,Kernel,0.9294871794871795,0.934
Non-Linear,XOR,50-50,0.5,OGC,Linear,0.5062034739454094,0.5025
Non-Linear,XOR,50-50,0.5,OGC,Kernel,0.9488465396188566,0.949
Non-Linear,XOR,50-50,0.5,SCW,Linear,0.6666666666666666,0.5
Non-Linear,XOR,50-50,0.5,SCW,Kernel,0.6032855644879412,0.4325
Non-Linear,XOR,50-50,0.5,RDA,Linear,0.6598984771573604,0.4975
Non-Linear,XOR,50-50,0.5,RDA,Kernel,0.6666666666666666,0.5
Non-Linear,XOR,50-50,0.5,AdaRDA,Linear,0.6598984771573604,0.4975
Non-Linear,XOR,50-50,0.5,AdaRDA,Kernel,0.6666666666666666,0.5
Non-Linear,XOR,70-30,0.7,PA,Linear,0.5826050769870995,0.4985
Non-Linear,XOR,70-30,0.7,PA,Kernel,0.946690518783542,0.9255
Non-Linear,XOR,70-30,0.7,Perceptron,Linear,0.670090873172659,0.5825
Non-Linear,XOR,70-30,0.7,Perceptron,Kernel,0.9660107334525939,0.9525
Non-Linear,XOR,70-30,0.7,AROW,Linear,0.5821083578328433,0.5025
Non-Linear,XOR,70-30,0.7,AROW,Kernel,0.9468960359012715,0.929
Non-Linear,XOR,70-30,0.7,OGC,Linear,0.7457006952067325,0.6525
Non-Linear,XOR,70-30,0.7,OGC,Kernel,0.9678111587982833,0.955
Non-Linear,XOR,70-30,0.7,SCW,Linear,0.8235294117647058,0.7
Non-Linear,XOR,70-30,0.7,SCW,Kernel,0.7537406483790524,0.605
Non-Linear,XOR,70-30,0.7,RDA,Linear,0.8185053380782918,0.694
Non-Linear,XOR,70-30,0.7,RDA,Kernel,0.8235294117647058,0.7
Non-Linear,XOR,70-30,0.7,AdaRDA,Linear,0.8185053380782918,0.694
Non-Linear,XOR,70-30,0.7,AdaRDA,Kernel,0.8235294117647058,0.7
Non-Linear,XOR,90-10,0.9,PA,Linear,0.610989010989011,0.469
Non-Linear,XOR,90-10,0.9,PA,Kernel,0.9574881911642122,0.9235
Non-Linear,XOR,90-10,0.9,Perceptron,Linear,0.7104194857916103,0.572
Non-Linear,XOR,90-10,0.9,Perceptron,Kernel,0.9577543079488605,0.924
Non-Linear,XOR,90-10,0.9,AROW,Linear,0.6867428175839391,0.5475
Non-Linear,XOR,90-10,0.9,AROW,Kernel,0.9465085638998683,0.8985
Non-Linear,XOR,90-10,0.9,OGC,Linear,0.8424908424908425,0.742
Non-Linear,XOR,90-10,0.9,OGC,Kernel,0.9569324812447902,0.9225
Non-Linear,XOR,90-10,0.9,SCW,Linear,0.9473684210526315,0.9
Non-Linear,XOR,90-10,0.9,SCW,Kernel,0.9303222252822914,0.8735
Non-Linear,XOR,90-10,0.9,RDA,Linear,0.8288288288288288,0.715
Non-Linear,XOR,90-10,0.9,RDA,Kernel,0.9473684210526315,0.9
Non-Linear,XOR,90-10,0.9,AdaRDA,Linear,0.8176862507571169,0.699
Non-Linear,XOR,90-10,0.9,AdaRDA,Kernel,0.9473684210526315,0.9
